{"cameraMode":{"drawMode":0,"name":"Shaded","section":"Shading Mode"},"sceneLighting":true,"audioPlay":false,"sceneViewState":{"m_AlwaysRefresh":false,"showFog":true,"showSkybox":true,"showFlares":true,"showImageEffects":true,"showParticleSystems":true,"showVisualEffectGraphs":true,"m_FxEnabled":true},"in2DMode":false,"pivot":{"x":8.700921058654786,"y":1.9146366119384766,"z":9.989744186401368},"rotation":{"x":0.43669816851615908,"y":-0.0807778388261795,"z":0.03940927982330322,"w":0.8951079845428467},"size":6.8327507972717289,"orthographic":false}