{"cameraMode":{"drawMode":0,"name":"Shaded","section":"Shading Mode"},"sceneLighting":true,"audioPlay":false,"sceneViewState":{"showFog":true,"showMaterialUpdate":false,"showSkybox":true,"showFlares":true,"showImageEffects":true,"showParticleSystems":true},"in2DMode":false,"pivot":{"x":6.749619007110596,"y":8.407609939575196,"z":6.371218681335449},"rotation":{"x":0.37847790122032168,"y":0.17181865870952607,"z":-0.07159792631864548,"w":0.9067195057868958},"size":11.448784828186036,"orthographic":false}